Id_Competencia,Descricao,Nome_Competencia,Nivel_Competencia
1,Python para scripts e automações,Python,Básico
2,Sql para consultas complexas e otimização,SQL,Avançado
3,C# para desenvolvimento backend,C#,Intermediário
4,Arquitetura de software e design patterns,Arquitetura de Software,Básico
5,Metodologias ágeis como scrum e kanban,Metodologias Ágeis,Avançado
6,React para desenvolvimento frontend,React,Intermediário
7,Análise de dados com ferramentas como power bi e excel,Análise de Dados,Não informado
8,Gestão de projetos com ferramentas como ms project,Gestão de Projetos,Não informado
9,Segurança da informação e boas práticas de proteção de dados,Segurança da Informação,Não informado
