Id_Photo,idColaborador,url_foto
1,1,https://static.vecteezy.com/ti/vetor-gratis/p1/32176287-o-negocio-avatar-perfil-preto-icone-mulher-do-do-utilizador-plano-simbolo-dentro-na-moda-preenchidas-estilo-isolado-em-femea-perfil-pessoas-diverso-face-para-social-rede-ou-rede-vetor.jpg
2,2,https://static.vecteezy.com/ti/vetor-gratis/p1/32176287-o-negocio-avatar-perfil-preto-icone-mulher-do-do-utilizador-plano-simbolo-dentro-na-moda-preenchidas-estilo-isolado-em-femea-perfil-pessoas-diverso-face-para-social-rede-ou-rede-vetor.jpg
3,3,https://static.vecteezy.com/ti/vetor-gratis/p1/32176287-o-negocio-avatar-perfil-preto-icone-mulher-do-do-utilizador-plano-simbolo-dentro-na-moda-preenchidas-estilo-isolado-em-femea-perfil-pessoas-diverso-face-para-social-rede-ou-rede-vetor.jpg
4,4,https://static.vecteezy.com/ti/vetor-gratis/p1/32176287-o-negocio-avatar-perfil-preto-icone-mulher-do-do-utilizador-plano-simbolo-dentro-na-moda-preenchidas-estilo-isolado-em-femea-perfil-pessoas-diverso-face-para-social-rede-ou-rede-vetor.jpg
5,5,https://static.vecteezy.com/ti/vetor-gratis/p1/32176197-o-negocio-avatar-perfil-preto-icone-homem-do-do-utilizador-simbolo-dentro-na-moda-plano-estilo-isolado-em-masculino-perfil-pessoas-diverso-face-para-social-rede-ou-rede-vetor.jpg
6,6,https://static.vecteezy.com/ti/vetor-gratis/p1/32176197-o-negocio-avatar-perfil-preto-icone-homem-do-do-utilizador-simbolo-dentro-na-moda-plano-estilo-isolado-em-masculino-perfil-pessoas-diverso-face-para-social-rede-ou-rede-vetor.jpg
7,7,https://i.imgur.com/dZT0p3i.jpeg
8,8,https://static.vecteezy.com/ti/vetor-gratis/p1/32176197-o-negocio-avatar-perfil-preto-icone-homem-do-do-utilizador-simbolo-dentro-na-moda-plano-estilo-isolado-em-masculino-perfil-pessoas-diverso-face-para-social-rede-ou-rede-vetor.jpg
9,9,https://static.vecteezy.com/ti/vetor-gratis/p1/32176287-o-negocio-avatar-perfil-preto-icone-mulher-do-do-utilizador-plano-simbolo-dentro-na-moda-preenchidas-estilo-isolado-em-femea-perfil-pessoas-diverso-face-para-social-rede-ou-rede-vetor.jpg
10,10,https://static.vecteezy.com/ti/vetor-gratis/p1/32176197-o-negocio-avatar-perfil-preto-icone-homem-do-do-utilizador-simbolo-dentro-na-moda-plano-estilo-isolado-em-masculino-perfil-pessoas-diverso-face-para-social-rede-ou-rede-vetor.jpg
11,11,https://static.vecteezy.com/ti/vetor-gratis/p1/32176197-o-negocio-avatar-perfil-preto-icone-homem-do-do-utilizador-simbolo-dentro-na-moda-plano-estilo-isolado-em-masculino-perfil-pessoas-diverso-face-para-social-rede-ou-rede-vetor.jpg
12,12,https://static.vecteezy.com/ti/vetor-gratis/p1/32176287-o-negocio-avatar-perfil-preto-icone-mulher-do-do-utilizador-plano-simbolo-dentro-na-moda-preenchidas-estilo-isolado-em-femea-perfil-pessoas-diverso-face-para-social-rede-ou-rede-vetor.jpg
13,13,https://static.vecteezy.com/ti/vetor-gratis/p1/32176197-o-negocio-avatar-perfil-preto-icone-homem-do-do-utilizador-simbolo-dentro-na-moda-plano-estilo-isolado-em-masculino-perfil-pessoas-diverso-face-para-social-rede-ou-rede-vetor.jpg
14,14,https://static.vecteezy.com/ti/vetor-gratis/p1/32176287-o-negocio-avatar-perfil-preto-icone-mulher-do-do-utilizador-plano-simbolo-dentro-na-moda-preenchidas-estilo-isolado-em-femea-perfil-pessoas-diverso-face-para-social-rede-ou-rede-vetor.jpg
15,15,https://static.vecteezy.com/ti/vetor-gratis/p1/32176197-o-negocio-avatar-perfil-preto-icone-homem-do-do-utilizador-simbolo-dentro-na-moda-plano-estilo-isolado-em-masculino-perfil-pessoas-diverso-face-para-social-rede-ou-rede-vetor.jpg
16,16,https://static.vecteezy.com/ti/vetor-gratis/p1/32176287-o-negocio-avatar-perfil-preto-icone-mulher-do-do-utilizador-plano-simbolo-dentro-na-moda-preenchidas-estilo-isolado-em-femea-perfil-pessoas-diverso-face-para-social-rede-ou-rede-vetor.jpg
17,17,https://static.vecteezy.com/ti/vetor-gratis/p1/32176197-o-negocio-avatar-perfil-preto-icone-homem-do-do-utilizador-simbolo-dentro-na-moda-plano-estilo-isolado-em-masculino-perfil-pessoas-diverso-face-para-social-rede-ou-rede-vetor.jpg
18,18,https://static.vecteezy.com/ti/vetor-gratis/p1/32176287-o-negocio-avatar-perfil-preto-icone-mulher-do-do-utilizador-plano-simbolo-dentro-na-moda-preenchidas-estilo-isolado-em-femea-perfil-pessoas-diverso-face-para-social-rede-ou-rede-vetor.jpg
19,19,https://static.vecteezy.com/ti/vetor-gratis/p1/32176197-o-negocio-avatar-perfil-preto-icone-homem-do-do-utilizador-simbolo-dentro-na-moda-plano-estilo-isolado-em-masculino-perfil-pessoas-diverso-face-para-social-rede-ou-rede-vetor.jpg
20,20,https://static.vecteezy.com/ti/vetor-gratis/p1/32176287-o-negocio-avatar-perfil-preto-icone-mulher-do-do-utilizador-plano-simbolo-dentro-na-moda-preenchidas-estilo-isolado-em-femea-perfil-pessoas-diverso-face-para-social-rede-ou-rede-vetor.jpg
21,21,https://static.vecteezy.com/ti/vetor-gratis/p1/32176197-o-negocio-avatar-perfil-preto-icone-homem-do-do-utilizador-simbolo-dentro-na-moda-plano-estilo-isolado-em-masculino-perfil-pessoas-diverso-face-para-social-rede-ou-rede-vetor.jpg
22,22,https://static.vecteezy.com/ti/vetor-gratis/p1/32176287-o-negocio-avatar-perfil-preto-icone-mulher-do-do-utilizador-plano-simbolo-dentro-na-moda-preenchidas-estilo-isolado-em-femea-perfil-pessoas-diverso-face-para-social-rede-ou-rede-vetor.jpg
23,23,https://static.vecteezy.com/ti/vetor-gratis/p1/32176197-o-negocio-avatar-perfil-preto-icone-homem-do-do-utilizador-simbolo-dentro-na-moda-plano-estilo-isolado-em-masculino-perfil-pessoas-diverso-face-para-social-rede-ou-rede-vetor.jpg
24,24,https://static.vecteezy.com/ti/vetor-gratis/p1/32176287-o-negocio-avatar-perfil-preto-icone-mulher-do-do-utilizador-plano-simbolo-dentro-na-moda-preenchidas-estilo-isolado-em-femea-perfil-pessoas-diverso-face-para-social-rede-ou-rede-vetor.jpg
25,25,https://static.vecteezy.com/ti/vetor-gratis/p1/32176197-o-negocio-avatar-perfil-preto-icone-homem-do-do-utilizador-simbolo-dentro-na-moda-plano-estilo-isolado-em-masculino-perfil-pessoas-diverso-face-para-social-rede-ou-rede-vetor.jpg
26,26,https://static.vecteezy.com/ti/vetor-gratis/p1/32176287-o-negocio-avatar-perfil-preto-icone-mulher-do-do-utilizador-plano-simbolo-dentro-na-moda-preenchidas-estilo-isolado-em-femea-perfil-pessoas-diverso-face-para-social-rede-ou-rede-vetor.jpg
27,27,https://static.vecteezy.com/ti/vetor-gratis/p1/32176197-o-negocio-avatar-perfil-preto-icone-homem-do-do-utilizador-simbolo-dentro-na-moda-plano-estilo-isolado-em-masculino-perfil-pessoas-diverso-face-para-social-rede-ou-rede-vetor.jpg
28,28,https://static.vecteezy.com/ti/vetor-gratis/p1/32176287-o-negocio-avatar-perfil-preto-icone-mulher-do-do-utilizador-plano-simbolo-dentro-na-moda-preenchidas-estilo-isolado-em-femea-perfil-pessoas-diverso-face-para-social-rede-ou-rede-vetor.jpg
29,29,https://static.vecteezy.com/ti/vetor-gratis/p1/32176197-o-negocio-avatar-perfil-preto-icone-homem-do-do-utilizador-simbolo-dentro-na-moda-plano-estilo-isolado-em-masculino-perfil-pessoas-diverso-face-para-social-rede-ou-rede-vetor.jpg
30,30,https://static.vecteezy.com/ti/vetor-gratis/p1/32176287-o-negocio-avatar-perfil-preto-icone-mulher-do-do-utilizador-plano-simbolo-dentro-na-moda-preenchidas-estilo-isolado-em-femea-perfil-pessoas-diverso-face-para-social-rede-ou-rede-vetor.jpg
31,31,https://static.vecteezy.com/ti/vetor-gratis/p1/32176197-o-negocio-avatar-perfil-preto-icone-homem-do-do-utilizador-simbolo-dentro-na-moda-plano-estilo-isolado-em-masculino-perfil-pessoas-diverso-face-para-social-rede-ou-rede-vetor.jpg
32,32,https://static.vecteezy.com/ti/vetor-gratis/p1/32176287-o-negocio-avatar-perfil-preto-icone-mulher-do-do-utilizador-plano-simbolo-dentro-na-moda-preenchidas-estilo-isolado-em-femea-perfil-pessoas-diverso-face-para-social-rede-ou-rede-vetor.jpg
33,33,https://static.vecteezy.com/ti/vetor-gratis/p1/32176197-o-negocio-avatar-perfil-preto-icone-homem-do-do-utilizador-simbolo-dentro-na-moda-plano-estilo-isolado-em-masculino-perfil-pessoas-diverso-face-para-social-rede-ou-rede-vetor.jpg
34,34,https://static.vecteezy.com/ti/vetor-gratis/p1/32176287-o-negocio-avatar-perfil-preto-icone-mulher-do-do-utilizador-plano-simbolo-dentro-na-moda-preenchidas-estilo-isolado-em-femea-perfil-pessoas-diverso-face-para-social-rede-ou-rede-vetor.jpg
35,35,https://static.vecteezy.com/ti/vetor-gratis/p1/32176197-o-negocio-avatar-perfil-preto-icone-homem-do-do-utilizador-simbolo-dentro-na-moda-plano-estilo-isolado-em-masculino-perfil-pessoas-diverso-face-para-social-rede-ou-rede-vetor.jpg
36,36,https://static.vecteezy.com/ti/vetor-gratis/p1/32176287-o-negocio-avatar-perfil-preto-icone-mulher-do-do-utilizador-plano-simbolo-dentro-na-moda-preenchidas-estilo-isolado-em-femea-perfil-pessoas-diverso-face-para-social-rede-ou-rede-vetor.jpg
37,37,https://static.vecteezy.com/ti/vetor-gratis/p1/32176197-o-negocio-avatar-perfil-preto-icone-homem-do-do-utilizador-simbolo-dentro-na-moda-plano-estilo-isolado-em-masculino-perfil-pessoas-diverso-face-para-social-rede-ou-rede-vetor.jpg
38,38,https://static.vecteezy.com/ti/vetor-gratis/p1/32176287-o-negocio-avatar-perfil-preto-icone-mulher-do-do-utilizador-plano-simbolo-dentro-na-moda-preenchidas-estilo-isolado-em-femea-perfil-pessoas-diverso-face-para-social-rede-ou-rede-vetor.jpg
39,39,https://static.vecteezy.com/ti/vetor-gratis/p1/32176197-o-negocio-avatar-perfil-preto-icone-homem-do-do-utilizador-simbolo-dentro-na-moda-plano-estilo-isolado-em-masculino-perfil-pessoas-diverso-face-para-social-rede-ou-rede-vetor.jpg
40,40,https://static.vecteezy.com/ti/vetor-gratis/p1/32176287-o-negocio-avatar-perfil-preto-icone-mulher-do-do-utilizador-plano-simbolo-dentro-na-moda-preenchidas-estilo-isolado-em-femea-perfil-pessoas-diverso-face-para-social-rede-ou-rede-vetor.jpg
41,41,https://static.vecteezy.com/ti/vetor-gratis/p1/32176197-o-negocio-avatar-perfil-preto-icone-homem-do-do-utilizador-simbolo-dentro-na-moda-plano-estilo-isolado-em-masculino-perfil-pessoas-diverso-face-para-social-rede-ou-rede-vetor.jpg
42,42,https://static.vecteezy.com/ti/vetor-gratis/p1/32176287-o-negocio-avatar-perfil-preto-icone-mulher-do-do-utilizador-plano-simbolo-dentro-na-moda-preenchidas-estilo-isolado-em-femea-perfil-pessoas-diverso-face-para-social-rede-ou-rede-vetor.jpg
43,43,https://static.vecteezy.com/ti/vetor-gratis/p1/32176197-o-negocio-avatar-perfil-preto-icone-homem-do-do-utilizador-simbolo-dentro-na-moda-plano-estilo-isolado-em-masculino-perfil-pessoas-diverso-face-para-social-rede-ou-rede-vetor.jpg
44,44,https://static.vecteezy.com/ti/vetor-gratis/p1/32176287-o-negocio-avatar-perfil-preto-icone-mulher-do-do-utilizador-plano-simbolo-dentro-na-moda-preenchidas-estilo-isolado-em-femea-perfil-pessoas-diverso-face-para-social-rede-ou-rede-vetor.jpg
45,45,https://static.vecteezy.com/ti/vetor-gratis/p1/32176197-o-negocio-avatar-perfil-preto-icone-homem-do-do-utilizador-simbolo-dentro-na-moda-plano-estilo-isolado-em-masculino-perfil-pessoas-diverso-face-para-social-rede-ou-rede-vetor.jpg
46,46,https://static.vecteezy.com/ti/vetor-gratis/p1/32176287-o-negocio-avatar-perfil-preto-icone-mulher-do-do-utilizador-plano-simbolo-dentro-na-moda-preenchidas-estilo-isolado-em-femea-perfil-pessoas-diverso-face-para-social-rede-ou-rede-vetor.jpg
47,47,https://static.vecteezy.com/ti/vetor-gratis/p1/32176197-o-negocio-avatar-perfil-preto-icone-homem-do-do-utilizador-simbolo-dentro-na-moda-plano-estilo-isolado-em-masculino-perfil-pessoas-diverso-face-para-social-rede-ou-rede-vetor.jpg
48,48,https://static.vecteezy.com/ti/vetor-gratis/p1/32176287-o-negocio-avatar-perfil-preto-icone-mulher-do-do-utilizador-plano-simbolo-dentro-na-moda-preenchidas-estilo-isolado-em-femea-perfil-pessoas-diverso-face-para-social-rede-ou-rede-vetor.jpg
49,49,https://static.vecteezy.com/ti/vetor-gratis/p1/32176197-o-negocio-avatar-perfil-preto-icone-homem-do-do-utilizador-simbolo-dentro-na-moda-plano-estilo-isolado-em-masculino-perfil-pessoas-diverso-face-para-social-rede-ou-rede-vetor.jpg
50,50,https://static.vecteezy.com/ti/vetor-gratis/p1/32176287-o-negocio-avatar-perfil-preto-icone-mulher-do-do-utilizador-plano-simbolo-dentro-na-moda-preenchidas-estilo-isolado-em-femea-perfil-pessoas-diverso-face-para-social-rede-ou-rede-vetor.jpg
51,51,https://i.imgur.com/dZT0p3i.jpeg
52,52,https://i.imgur.com/dZT0p3i.jpeg
53,53,https://i.imgur.com/dZT0p3i.jpeg
54,54,https://i.imgur.com/dZT0p3i.jpeg
55,55,https://i.imgur.com/dZT0p3i.jpeg
56,56,https://i.imgur.com/dZT0p3i.jpeg
57,57,https://i.imgur.com/dZT0p3i.jpeg
58,58,https://i.imgur.com/dZT0p3i.jpeg
59,59,https://i.imgur.com/dZT0p3i.jpeg
60,60,https://i.imgur.com/dZT0p3i.jpeg
61,61,https://i.imgur.com/dZT0p3i.jpeg
62,62,https://i.imgur.com/dZT0p3i.jpeg
63,63,https://i.imgur.com/dZT0p3i.jpeg
64,64,https://i.imgur.com/dZT0p3i.jpeg
65,65,https://i.imgur.com/dZT0p3i.jpeg
66,66,https://i.imgur.com/dZT0p3i.jpeg
67,67,https://i.imgur.com/dZT0p3i.jpeg
68,68,https://i.imgur.com/dZT0p3i.jpeg
69,69,https://i.imgur.com/dZT0p3i.jpeg
70,70,https://i.imgur.com/dZT0p3i.jpeg
71,71,https://i.imgur.com/dZT0p3i.jpeg
72,72,https://i.imgur.com/dZT0p3i.jpeg
73,73,https://i.imgur.com/dZT0p3i.jpeg
74,74,https://i.imgur.com/dZT0p3i.jpeg
75,75,https://i.imgur.com/dZT0p3i.jpeg
76,76,https://i.imgur.com/dZT0p3i.jpeg
77,77,https://i.imgur.com/dZT0p3i.jpeg
78,78,https://i.imgur.com/dZT0p3i.jpeg
79,79,https://i.imgur.com/dZT0p3i.jpeg
80,80,https://i.imgur.com/dZT0p3i.jpeg
