idColaborador,idTreinamentos_Realizados
7,1
7,2
8,2
9,3
10,4
10,1
10,2
11,4
11,2
12,1
13,4
13,1
13,2
14,1
14,3
15,2
15,1
15,5
16,3
17,4
17,3
17,1
18,2
18,3
19,4
19,3
20,1
20,4
21,2
21,1
22,3
22,4
22,1
23,4
23,2
23,1
24,5
25,2
25,3
26,5
26,4
26,2
27,1
27,2
27,4
28,4
28,1
29,4
29,3
29,1
30,5
30,3
30,2
2,1
2,2
3,1
3,3
4,4
5,2
5,4
5,3
6,5
6,3
31,4
31,1
31,5
1,5
1,4
1,1
32,1
33,2
34,2
35,2
35,3
36,2
36,4
37,5
38,3
39,1
39,5
40,3
40,2
40,5
41,3
42,3
42,1
43,5
44,4
44,2
45,4
46,2
46,4
47,2
47,4
48,3
49,2
49,5
50,1
50,5
51,1
52,4
53,1
54,5
54,4
54,1
55,3
56,2
57,4
57,5
58,3
59,5
59,4
59,3
60,3
60,4
60,5
61,2
62,2
62,1
62,4
63,4
64,5
65,3
66,2
67,3
67,2
67,5
68,3
69,5
70,3
70,5
70,4
71,2
71,3
71,1
72,1
73,3
73,1
73,5
74,2
75,1
75,5
76,1
76,2
77,2
78,2
78,5
78,3
79,5
80,4
80,2
80,5
